<?xml version="1.0" encoding="utf-8"?>
<GameData>
    <Types>
      <Row Type="TRAIT_MORE_MILITARY_CARDS_1" Kind="KIND_TRAIT"/>
      <Row Type="TRAIT_MORE_MILITARY_CARDS_2" Kind="KIND_TRAIT"/>
      <Row Type="TRAIT_MORE_MILITARY_CARDS_3" Kind="KIND_TRAIT"/>
      <Row Type="TRAIT_MORE_MILITARY_CARDS_4" Kind="KIND_TRAIT"/>
      <Row Type="TRAIT_MORE_MILITARY_CARDS_5" Kind="KIND_TRAIT"/>
      <Row Type="TRAIT_MORE_MILITARY_CARDS_6" Kind="KIND_TRAIT"/>
      <Row Type="TRAIT_MORE_MILITARY_CARDS_7" Kind="KIND_TRAIT"/>
      <Row Type="TRAIT_MORE_MILITARY_CARDS_8" Kind="KIND_TRAIT"/>
      <Row Type="TRAIT_MORE_MILITARY_CARDS_9" Kind="KIND_TRAIT"/>
      <Row Type="TRAIT_MORE_MILITARY_CARDS_10" Kind="KIND_TRAIT"/>
      <Row Type="TRAIT_MORE_MILITARY_CARDS_11" Kind="KIND_TRAIT"/>
      <Row Type="TRAIT_MORE_MILITARY_CARDS_12" Kind="KIND_TRAIT"/>
      <Row Type="TRAIT_MORE_MILITARY_CARDS_13" Kind="KIND_TRAIT"/>
      <Row Type="TRAIT_MORE_MILITARY_CARDS_14" Kind="KIND_TRAIT"/>
      <Row Type="TRAIT_MORE_MILITARY_CARDS_15" Kind="KIND_TRAIT"/>
      <Row Type="TRAIT_MORE_MILITARY_CARDS_16" Kind="KIND_TRAIT"/>
      <Row Type="TRAIT_MORE_MILITARY_CARDS_17" Kind="KIND_TRAIT"/>
      <Row Type="TRAIT_MORE_MILITARY_CARDS_18" Kind="KIND_TRAIT"/>
      <Row Type="TRAIT_MORE_MILITARY_CARDS_19" Kind="KIND_TRAIT"/>
      <Row Type="TRAIT_MORE_MILITARY_CARDS_20" Kind="KIND_TRAIT"/>
      <Row Type="TRAIT_MORE_ECONOMIC_CARDS_1" Kind="KIND_TRAIT"/>
      <Row Type="TRAIT_MORE_ECONOMIC_CARDS_2" Kind="KIND_TRAIT"/>
      <Row Type="TRAIT_MORE_ECONOMIC_CARDS_3" Kind="KIND_TRAIT"/>
      <Row Type="TRAIT_MORE_ECONOMIC_CARDS_4" Kind="KIND_TRAIT"/>
      <Row Type="TRAIT_MORE_ECONOMIC_CARDS_5" Kind="KIND_TRAIT"/>
      <Row Type="TRAIT_MORE_ECONOMIC_CARDS_6" Kind="KIND_TRAIT"/>
      <Row Type="TRAIT_MORE_ECONOMIC_CARDS_7" Kind="KIND_TRAIT"/>
      <Row Type="TRAIT_MORE_ECONOMIC_CARDS_8" Kind="KIND_TRAIT"/>
      <Row Type="TRAIT_MORE_ECONOMIC_CARDS_9" Kind="KIND_TRAIT"/>
      <Row Type="TRAIT_MORE_ECONOMIC_CARDS_10" Kind="KIND_TRAIT"/>
      <Row Type="TRAIT_MORE_ECONOMIC_CARDS_11" Kind="KIND_TRAIT"/>
      <Row Type="TRAIT_MORE_ECONOMIC_CARDS_12" Kind="KIND_TRAIT"/>
      <Row Type="TRAIT_MORE_ECONOMIC_CARDS_13" Kind="KIND_TRAIT"/>
      <Row Type="TRAIT_MORE_ECONOMIC_CARDS_14" Kind="KIND_TRAIT"/>
      <Row Type="TRAIT_MORE_ECONOMIC_CARDS_15" Kind="KIND_TRAIT"/>
      <Row Type="TRAIT_MORE_ECONOMIC_CARDS_16" Kind="KIND_TRAIT"/>
      <Row Type="TRAIT_MORE_ECONOMIC_CARDS_17" Kind="KIND_TRAIT"/>
      <Row Type="TRAIT_MORE_ECONOMIC_CARDS_18" Kind="KIND_TRAIT"/>
      <Row Type="TRAIT_MORE_ECONOMIC_CARDS_19" Kind="KIND_TRAIT"/>
      <Row Type="TRAIT_MORE_ECONOMIC_CARDS_20" Kind="KIND_TRAIT"/>
      <Row Type="TRAIT_MORE_DIPLOMATIC_CARDS_1" Kind="KIND_TRAIT"/>
      <Row Type="TRAIT_MORE_DIPLOMATIC_CARDS_2" Kind="KIND_TRAIT"/>
      <Row Type="TRAIT_MORE_DIPLOMATIC_CARDS_3" Kind="KIND_TRAIT"/>
      <Row Type="TRAIT_MORE_DIPLOMATIC_CARDS_4" Kind="KIND_TRAIT"/>
      <Row Type="TRAIT_MORE_DIPLOMATIC_CARDS_5" Kind="KIND_TRAIT"/>
      <Row Type="TRAIT_MORE_DIPLOMATIC_CARDS_6" Kind="KIND_TRAIT"/>
      <Row Type="TRAIT_MORE_DIPLOMATIC_CARDS_7" Kind="KIND_TRAIT"/>
      <Row Type="TRAIT_MORE_DIPLOMATIC_CARDS_8" Kind="KIND_TRAIT"/>
      <Row Type="TRAIT_MORE_DIPLOMATIC_CARDS_9" Kind="KIND_TRAIT"/>
      <Row Type="TRAIT_MORE_DIPLOMATIC_CARDS_10" Kind="KIND_TRAIT"/>
      <Row Type="TRAIT_MORE_DIPLOMATIC_CARDS_11" Kind="KIND_TRAIT"/>
      <Row Type="TRAIT_MORE_DIPLOMATIC_CARDS_12" Kind="KIND_TRAIT"/>
      <Row Type="TRAIT_MORE_DIPLOMATIC_CARDS_13" Kind="KIND_TRAIT"/>
      <Row Type="TRAIT_MORE_DIPLOMATIC_CARDS_14" Kind="KIND_TRAIT"/>
      <Row Type="TRAIT_MORE_DIPLOMATIC_CARDS_15" Kind="KIND_TRAIT"/>
      <Row Type="TRAIT_MORE_DIPLOMATIC_CARDS_16" Kind="KIND_TRAIT"/>
      <Row Type="TRAIT_MORE_DIPLOMATIC_CARDS_17" Kind="KIND_TRAIT"/>
      <Row Type="TRAIT_MORE_DIPLOMATIC_CARDS_18" Kind="KIND_TRAIT"/>
      <Row Type="TRAIT_MORE_DIPLOMATIC_CARDS_19" Kind="KIND_TRAIT"/>
      <Row Type="TRAIT_MORE_DIPLOMATIC_CARDS_20" Kind="KIND_TRAIT"/>
      <Row Type="TRAIT_MORE_WILDCARD_CARDS_1" Kind="KIND_TRAIT"/>
      <Row Type="TRAIT_MORE_WILDCARD_CARDS_2" Kind="KIND_TRAIT"/>
      <Row Type="TRAIT_MORE_WILDCARD_CARDS_3" Kind="KIND_TRAIT"/>
      <Row Type="TRAIT_MORE_WILDCARD_CARDS_4" Kind="KIND_TRAIT"/>
      <Row Type="TRAIT_MORE_WILDCARD_CARDS_5" Kind="KIND_TRAIT"/>
      <Row Type="TRAIT_MORE_WILDCARD_CARDS_6" Kind="KIND_TRAIT"/>
      <Row Type="TRAIT_MORE_WILDCARD_CARDS_7" Kind="KIND_TRAIT"/>
      <Row Type="TRAIT_MORE_WILDCARD_CARDS_8" Kind="KIND_TRAIT"/>
      <Row Type="TRAIT_MORE_WILDCARD_CARDS_9" Kind="KIND_TRAIT"/>
      <Row Type="TRAIT_MORE_WILDCARD_CARDS_10" Kind="KIND_TRAIT"/>
      <Row Type="TRAIT_MORE_WILDCARD_CARDS_11" Kind="KIND_TRAIT"/>
      <Row Type="TRAIT_MORE_WILDCARD_CARDS_12" Kind="KIND_TRAIT"/>
      <Row Type="TRAIT_MORE_WILDCARD_CARDS_13" Kind="KIND_TRAIT"/>
      <Row Type="TRAIT_MORE_WILDCARD_CARDS_14" Kind="KIND_TRAIT"/>
      <Row Type="TRAIT_MORE_WILDCARD_CARDS_15" Kind="KIND_TRAIT"/>
      <Row Type="TRAIT_MORE_WILDCARD_CARDS_16" Kind="KIND_TRAIT"/>
      <Row Type="TRAIT_MORE_WILDCARD_CARDS_17" Kind="KIND_TRAIT"/>
      <Row Type="TRAIT_MORE_WILDCARD_CARDS_18" Kind="KIND_TRAIT"/>
      <Row Type="TRAIT_MORE_WILDCARD_CARDS_19" Kind="KIND_TRAIT"/>
      <Row Type="TRAIT_MORE_WILDCARD_CARDS_20" Kind="KIND_TRAIT"/>
      <Row Type="TRAIT_MORE_WILDCARD_CARDS_21" Kind="KIND_TRAIT"/>
      <Row Type="TRAIT_MORE_WILDCARD_CARDS_22" Kind="KIND_TRAIT"/>
      <Row Type="TRAIT_MORE_WILDCARD_CARDS_23" Kind="KIND_TRAIT"/>
      <Row Type="TRAIT_MORE_WILDCARD_CARDS_24" Kind="KIND_TRAIT"/>
      <Row Type="TRAIT_MORE_WILDCARD_CARDS_25" Kind="KIND_TRAIT"/>
      <Row Type="TRAIT_MORE_WILDCARD_CARDS_26" Kind="KIND_TRAIT"/>
      <Row Type="TRAIT_MORE_WILDCARD_CARDS_27" Kind="KIND_TRAIT"/>
      <Row Type="TRAIT_MORE_WILDCARD_CARDS_28" Kind="KIND_TRAIT"/>
      <Row Type="TRAIT_MORE_WILDCARD_CARDS_29" Kind="KIND_TRAIT"/>
      <Row Type="TRAIT_MORE_WILDCARD_CARDS_30" Kind="KIND_TRAIT"/>
      <Row Type="TRAIT_MORE_WILDCARD_CARDS_31" Kind="KIND_TRAIT"/>
      <Row Type="TRAIT_MORE_WILDCARD_CARDS_32" Kind="KIND_TRAIT"/>
      <Row Type="TRAIT_MORE_WILDCARD_CARDS_33" Kind="KIND_TRAIT"/>
      <Row Type="TRAIT_MORE_WILDCARD_CARDS_34" Kind="KIND_TRAIT"/>
      <Row Type="TRAIT_MORE_WILDCARD_CARDS_35" Kind="KIND_TRAIT"/>
      <Row Type="TRAIT_MORE_WILDCARD_CARDS_36" Kind="KIND_TRAIT"/>
      <Row Type="TRAIT_MORE_WILDCARD_CARDS_37" Kind="KIND_TRAIT"/>
      <Row Type="TRAIT_MORE_WILDCARD_CARDS_38" Kind="KIND_TRAIT"/>
      <Row Type="TRAIT_MORE_WILDCARD_CARDS_39" Kind="KIND_TRAIT"/>
      <Row Type="TRAIT_MORE_WILDCARD_CARDS_40" Kind="KIND_TRAIT"/>
	</Types>
	
	<CivilizationTraits>
      <Row CivilizationType="CIVILIZATION_FRANCE" TraitType="TRAIT_MORE_MILITARY_CARDS_1"/>
      <Row CivilizationType="CIVILIZATION_FRANCE" TraitType="TRAIT_MORE_MILITARY_CARDS_2"/>
      <Row CivilizationType="CIVILIZATION_FRANCE" TraitType="TRAIT_MORE_MILITARY_CARDS_3"/>
      <Row CivilizationType="CIVILIZATION_FRANCE" TraitType="TRAIT_MORE_MILITARY_CARDS_4"/>
      <Row CivilizationType="CIVILIZATION_FRANCE" TraitType="TRAIT_MORE_MILITARY_CARDS_5"/>
      <Row CivilizationType="CIVILIZATION_FRANCE" TraitType="TRAIT_MORE_MILITARY_CARDS_6"/>
      <Row CivilizationType="CIVILIZATION_FRANCE" TraitType="TRAIT_MORE_MILITARY_CARDS_7"/>
      <Row CivilizationType="CIVILIZATION_FRANCE" TraitType="TRAIT_MORE_MILITARY_CARDS_8"/>
      <Row CivilizationType="CIVILIZATION_FRANCE" TraitType="TRAIT_MORE_MILITARY_CARDS_9"/>
      <Row CivilizationType="CIVILIZATION_FRANCE" TraitType="TRAIT_MORE_MILITARY_CARDS_10"/>
      <Row CivilizationType="CIVILIZATION_FRANCE" TraitType="TRAIT_MORE_MILITARY_CARDS_11"/>
      <Row CivilizationType="CIVILIZATION_FRANCE" TraitType="TRAIT_MORE_MILITARY_CARDS_12"/>
      <Row CivilizationType="CIVILIZATION_FRANCE" TraitType="TRAIT_MORE_MILITARY_CARDS_13"/>
      <Row CivilizationType="CIVILIZATION_FRANCE" TraitType="TRAIT_MORE_MILITARY_CARDS_14"/>
      <Row CivilizationType="CIVILIZATION_FRANCE" TraitType="TRAIT_MORE_MILITARY_CARDS_15"/>
      <Row CivilizationType="CIVILIZATION_FRANCE" TraitType="TRAIT_MORE_MILITARY_CARDS_16"/>
      <Row CivilizationType="CIVILIZATION_FRANCE" TraitType="TRAIT_MORE_MILITARY_CARDS_17"/>
      <Row CivilizationType="CIVILIZATION_FRANCE" TraitType="TRAIT_MORE_MILITARY_CARDS_18"/>
      <Row CivilizationType="CIVILIZATION_FRANCE" TraitType="TRAIT_MORE_MILITARY_CARDS_19"/>
      <Row CivilizationType="CIVILIZATION_FRANCE" TraitType="TRAIT_MORE_MILITARY_CARDS_20"/>
      <Row CivilizationType="CIVILIZATION_FRANCE" TraitType="TRAIT_MORE_ECONOMIC_CARDS_1"/>
      <Row CivilizationType="CIVILIZATION_FRANCE" TraitType="TRAIT_MORE_ECONOMIC_CARDS_2"/>
      <Row CivilizationType="CIVILIZATION_FRANCE" TraitType="TRAIT_MORE_ECONOMIC_CARDS_3"/>
      <Row CivilizationType="CIVILIZATION_FRANCE" TraitType="TRAIT_MORE_ECONOMIC_CARDS_4"/>
      <Row CivilizationType="CIVILIZATION_FRANCE" TraitType="TRAIT_MORE_ECONOMIC_CARDS_5"/>
      <Row CivilizationType="CIVILIZATION_FRANCE" TraitType="TRAIT_MORE_ECONOMIC_CARDS_6"/>
      <Row CivilizationType="CIVILIZATION_FRANCE" TraitType="TRAIT_MORE_ECONOMIC_CARDS_7"/>
      <Row CivilizationType="CIVILIZATION_FRANCE" TraitType="TRAIT_MORE_ECONOMIC_CARDS_8"/>
      <Row CivilizationType="CIVILIZATION_FRANCE" TraitType="TRAIT_MORE_ECONOMIC_CARDS_9"/>
      <Row CivilizationType="CIVILIZATION_FRANCE" TraitType="TRAIT_MORE_ECONOMIC_CARDS_10"/>
      <Row CivilizationType="CIVILIZATION_FRANCE" TraitType="TRAIT_MORE_ECONOMIC_CARDS_11"/>
      <Row CivilizationType="CIVILIZATION_FRANCE" TraitType="TRAIT_MORE_ECONOMIC_CARDS_12"/>
      <Row CivilizationType="CIVILIZATION_FRANCE" TraitType="TRAIT_MORE_ECONOMIC_CARDS_13"/>
      <Row CivilizationType="CIVILIZATION_FRANCE" TraitType="TRAIT_MORE_ECONOMIC_CARDS_14"/>
      <Row CivilizationType="CIVILIZATION_FRANCE" TraitType="TRAIT_MORE_ECONOMIC_CARDS_15"/>
      <Row CivilizationType="CIVILIZATION_FRANCE" TraitType="TRAIT_MORE_ECONOMIC_CARDS_16"/>
      <Row CivilizationType="CIVILIZATION_FRANCE" TraitType="TRAIT_MORE_ECONOMIC_CARDS_17"/>
      <Row CivilizationType="CIVILIZATION_FRANCE" TraitType="TRAIT_MORE_ECONOMIC_CARDS_18"/>
      <Row CivilizationType="CIVILIZATION_FRANCE" TraitType="TRAIT_MORE_ECONOMIC_CARDS_19"/>
      <Row CivilizationType="CIVILIZATION_FRANCE" TraitType="TRAIT_MORE_ECONOMIC_CARDS_20"/>
      <Row CivilizationType="CIVILIZATION_FRANCE" TraitType="TRAIT_MORE_DIPLOMATIC_CARDS_1"/>
      <Row CivilizationType="CIVILIZATION_FRANCE" TraitType="TRAIT_MORE_DIPLOMATIC_CARDS_2"/>
      <Row CivilizationType="CIVILIZATION_FRANCE" TraitType="TRAIT_MORE_DIPLOMATIC_CARDS_3"/>
      <Row CivilizationType="CIVILIZATION_FRANCE" TraitType="TRAIT_MORE_DIPLOMATIC_CARDS_4"/>
      <Row CivilizationType="CIVILIZATION_FRANCE" TraitType="TRAIT_MORE_DIPLOMATIC_CARDS_5"/>
      <Row CivilizationType="CIVILIZATION_FRANCE" TraitType="TRAIT_MORE_DIPLOMATIC_CARDS_6"/>
      <Row CivilizationType="CIVILIZATION_FRANCE" TraitType="TRAIT_MORE_DIPLOMATIC_CARDS_7"/>
      <Row CivilizationType="CIVILIZATION_FRANCE" TraitType="TRAIT_MORE_DIPLOMATIC_CARDS_8"/>
      <Row CivilizationType="CIVILIZATION_FRANCE" TraitType="TRAIT_MORE_DIPLOMATIC_CARDS_9"/>
      <Row CivilizationType="CIVILIZATION_FRANCE" TraitType="TRAIT_MORE_DIPLOMATIC_CARDS_10"/>
      <Row CivilizationType="CIVILIZATION_FRANCE" TraitType="TRAIT_MORE_DIPLOMATIC_CARDS_11"/>
      <Row CivilizationType="CIVILIZATION_FRANCE" TraitType="TRAIT_MORE_DIPLOMATIC_CARDS_12"/>
      <Row CivilizationType="CIVILIZATION_FRANCE" TraitType="TRAIT_MORE_DIPLOMATIC_CARDS_13"/>
      <Row CivilizationType="CIVILIZATION_FRANCE" TraitType="TRAIT_MORE_DIPLOMATIC_CARDS_14"/>
      <Row CivilizationType="CIVILIZATION_FRANCE" TraitType="TRAIT_MORE_DIPLOMATIC_CARDS_15"/>
      <Row CivilizationType="CIVILIZATION_FRANCE" TraitType="TRAIT_MORE_DIPLOMATIC_CARDS_16"/>
      <Row CivilizationType="CIVILIZATION_FRANCE" TraitType="TRAIT_MORE_DIPLOMATIC_CARDS_17"/>
      <Row CivilizationType="CIVILIZATION_FRANCE" TraitType="TRAIT_MORE_DIPLOMATIC_CARDS_18"/>
      <Row CivilizationType="CIVILIZATION_FRANCE" TraitType="TRAIT_MORE_DIPLOMATIC_CARDS_19"/>
      <Row CivilizationType="CIVILIZATION_FRANCE" TraitType="TRAIT_MORE_DIPLOMATIC_CARDS_20"/>
      <Row CivilizationType="CIVILIZATION_FRANCE" TraitType="TRAIT_MORE_WILDCARD_CARDS_1"/>
      <Row CivilizationType="CIVILIZATION_FRANCE" TraitType="TRAIT_MORE_WILDCARD_CARDS_2"/>
      <Row CivilizationType="CIVILIZATION_FRANCE" TraitType="TRAIT_MORE_WILDCARD_CARDS_3"/>
      <Row CivilizationType="CIVILIZATION_FRANCE" TraitType="TRAIT_MORE_WILDCARD_CARDS_4"/>
      <Row CivilizationType="CIVILIZATION_FRANCE" TraitType="TRAIT_MORE_WILDCARD_CARDS_5"/>
      <Row CivilizationType="CIVILIZATION_FRANCE" TraitType="TRAIT_MORE_WILDCARD_CARDS_6"/>
      <Row CivilizationType="CIVILIZATION_FRANCE" TraitType="TRAIT_MORE_WILDCARD_CARDS_7"/>
      <Row CivilizationType="CIVILIZATION_FRANCE" TraitType="TRAIT_MORE_WILDCARD_CARDS_8"/>
      <Row CivilizationType="CIVILIZATION_FRANCE" TraitType="TRAIT_MORE_WILDCARD_CARDS_9"/>
      <Row CivilizationType="CIVILIZATION_FRANCE" TraitType="TRAIT_MORE_WILDCARD_CARDS_10"/>
      <Row CivilizationType="CIVILIZATION_FRANCE" TraitType="TRAIT_MORE_WILDCARD_CARDS_11"/>
      <Row CivilizationType="CIVILIZATION_FRANCE" TraitType="TRAIT_MORE_WILDCARD_CARDS_12"/>
      <Row CivilizationType="CIVILIZATION_FRANCE" TraitType="TRAIT_MORE_WILDCARD_CARDS_13"/>
      <Row CivilizationType="CIVILIZATION_FRANCE" TraitType="TRAIT_MORE_WILDCARD_CARDS_14"/>
      <Row CivilizationType="CIVILIZATION_FRANCE" TraitType="TRAIT_MORE_WILDCARD_CARDS_15"/>
      <Row CivilizationType="CIVILIZATION_FRANCE" TraitType="TRAIT_MORE_WILDCARD_CARDS_16"/>
      <Row CivilizationType="CIVILIZATION_FRANCE" TraitType="TRAIT_MORE_WILDCARD_CARDS_17"/>
      <Row CivilizationType="CIVILIZATION_FRANCE" TraitType="TRAIT_MORE_WILDCARD_CARDS_18"/>
      <Row CivilizationType="CIVILIZATION_FRANCE" TraitType="TRAIT_MORE_WILDCARD_CARDS_19"/>
      <Row CivilizationType="CIVILIZATION_FRANCE" TraitType="TRAIT_MORE_WILDCARD_CARDS_20"/>
      <Row CivilizationType="CIVILIZATION_FRANCE" TraitType="TRAIT_MORE_WILDCARD_CARDS_21"/>
      <Row CivilizationType="CIVILIZATION_FRANCE" TraitType="TRAIT_MORE_WILDCARD_CARDS_22"/>
      <Row CivilizationType="CIVILIZATION_FRANCE" TraitType="TRAIT_MORE_WILDCARD_CARDS_23"/>
      <Row CivilizationType="CIVILIZATION_FRANCE" TraitType="TRAIT_MORE_WILDCARD_CARDS_24"/>
      <Row CivilizationType="CIVILIZATION_FRANCE" TraitType="TRAIT_MORE_WILDCARD_CARDS_25"/>
      <Row CivilizationType="CIVILIZATION_FRANCE" TraitType="TRAIT_MORE_WILDCARD_CARDS_26"/>
      <Row CivilizationType="CIVILIZATION_FRANCE" TraitType="TRAIT_MORE_WILDCARD_CARDS_27"/>
      <Row CivilizationType="CIVILIZATION_FRANCE" TraitType="TRAIT_MORE_WILDCARD_CARDS_28"/>
      <Row CivilizationType="CIVILIZATION_FRANCE" TraitType="TRAIT_MORE_WILDCARD_CARDS_29"/>
      <Row CivilizationType="CIVILIZATION_FRANCE" TraitType="TRAIT_MORE_WILDCARD_CARDS_30"/>
      <Row CivilizationType="CIVILIZATION_FRANCE" TraitType="TRAIT_MORE_WILDCARD_CARDS_31"/>
      <Row CivilizationType="CIVILIZATION_FRANCE" TraitType="TRAIT_MORE_WILDCARD_CARDS_32"/>
      <Row CivilizationType="CIVILIZATION_FRANCE" TraitType="TRAIT_MORE_WILDCARD_CARDS_33"/>
      <Row CivilizationType="CIVILIZATION_FRANCE" TraitType="TRAIT_MORE_WILDCARD_CARDS_34"/>
      <Row CivilizationType="CIVILIZATION_FRANCE" TraitType="TRAIT_MORE_WILDCARD_CARDS_35"/>
      <Row CivilizationType="CIVILIZATION_FRANCE" TraitType="TRAIT_MORE_WILDCARD_CARDS_36"/>
      <Row CivilizationType="CIVILIZATION_FRANCE" TraitType="TRAIT_MORE_WILDCARD_CARDS_37"/>
      <Row CivilizationType="CIVILIZATION_FRANCE" TraitType="TRAIT_MORE_WILDCARD_CARDS_38"/>
      <Row CivilizationType="CIVILIZATION_FRANCE" TraitType="TRAIT_MORE_WILDCARD_CARDS_39"/>
      <Row CivilizationType="CIVILIZATION_FRANCE" TraitType="TRAIT_MORE_WILDCARD_CARDS_40"/>
	</CivilizationTraits>

	<Traits>
      <Row TraitType="TRAIT_MORE_MILITARY_CARDS_1" Name="LOC_TRAIT_MORE_MILITARY_CARDS_1_NAME" Description="LOC_TRAIT_MORE_MILITARY_CARDS_1_DESCRIPTION"/>
      <Row TraitType="TRAIT_MORE_MILITARY_CARDS_2" Name="LOC_TRAIT_MORE_MILITARY_CARDS_2_NAME" Description="LOC_TRAIT_MORE_MILITARY_CARDS_2_DESCRIPTION"/>
      <Row TraitType="TRAIT_MORE_MILITARY_CARDS_3" Name="LOC_TRAIT_MORE_MILITARY_CARDS_3_NAME" Description="LOC_TRAIT_MORE_MILITARY_CARDS_3_DESCRIPTION"/>
      <Row TraitType="TRAIT_MORE_MILITARY_CARDS_4" Name="LOC_TRAIT_MORE_MILITARY_CARDS_4_NAME" Description="LOC_TRAIT_MORE_MILITARY_CARDS_4_DESCRIPTION"/>
      <Row TraitType="TRAIT_MORE_MILITARY_CARDS_5" Name="LOC_TRAIT_MORE_MILITARY_CARDS_5_NAME" Description="LOC_TRAIT_MORE_MILITARY_CARDS_5_DESCRIPTION"/>
      <Row TraitType="TRAIT_MORE_MILITARY_CARDS_6" Name="LOC_TRAIT_MORE_MILITARY_CARDS_6_NAME" Description="LOC_TRAIT_MORE_MILITARY_CARDS_6_DESCRIPTION"/>
      <Row TraitType="TRAIT_MORE_MILITARY_CARDS_7" Name="LOC_TRAIT_MORE_MILITARY_CARDS_7_NAME" Description="LOC_TRAIT_MORE_MILITARY_CARDS_7_DESCRIPTION"/>
      <Row TraitType="TRAIT_MORE_MILITARY_CARDS_8" Name="LOC_TRAIT_MORE_MILITARY_CARDS_8_NAME" Description="LOC_TRAIT_MORE_MILITARY_CARDS_8_DESCRIPTION"/>
      <Row TraitType="TRAIT_MORE_MILITARY_CARDS_9" Name="LOC_TRAIT_MORE_MILITARY_CARDS_9_NAME" Description="LOC_TRAIT_MORE_MILITARY_CARDS_9_DESCRIPTION"/>
      <Row TraitType="TRAIT_MORE_MILITARY_CARDS_10" Name="LOC_TRAIT_MORE_MILITARY_CARDS_10_NAME" Description="LOC_TRAIT_MORE_MILITARY_CARDS_10_DESCRIPTION"/>
      <Row TraitType="TRAIT_MORE_MILITARY_CARDS_11" Name="LOC_TRAIT_MORE_MILITARY_CARDS_11_NAME" Description="LOC_TRAIT_MORE_MILITARY_CARDS_11_DESCRIPTION"/>
      <Row TraitType="TRAIT_MORE_MILITARY_CARDS_12" Name="LOC_TRAIT_MORE_MILITARY_CARDS_12_NAME" Description="LOC_TRAIT_MORE_MILITARY_CARDS_12_DESCRIPTION"/>
      <Row TraitType="TRAIT_MORE_MILITARY_CARDS_13" Name="LOC_TRAIT_MORE_MILITARY_CARDS_13_NAME" Description="LOC_TRAIT_MORE_MILITARY_CARDS_13_DESCRIPTION"/>
      <Row TraitType="TRAIT_MORE_MILITARY_CARDS_14" Name="LOC_TRAIT_MORE_MILITARY_CARDS_14_NAME" Description="LOC_TRAIT_MORE_MILITARY_CARDS_14_DESCRIPTION"/>
      <Row TraitType="TRAIT_MORE_MILITARY_CARDS_15" Name="LOC_TRAIT_MORE_MILITARY_CARDS_15_NAME" Description="LOC_TRAIT_MORE_MILITARY_CARDS_15_DESCRIPTION"/>
      <Row TraitType="TRAIT_MORE_MILITARY_CARDS_16" Name="LOC_TRAIT_MORE_MILITARY_CARDS_16_NAME" Description="LOC_TRAIT_MORE_MILITARY_CARDS_16_DESCRIPTION"/>
      <Row TraitType="TRAIT_MORE_MILITARY_CARDS_17" Name="LOC_TRAIT_MORE_MILITARY_CARDS_17_NAME" Description="LOC_TRAIT_MORE_MILITARY_CARDS_17_DESCRIPTION"/>
      <Row TraitType="TRAIT_MORE_MILITARY_CARDS_18" Name="LOC_TRAIT_MORE_MILITARY_CARDS_18_NAME" Description="LOC_TRAIT_MORE_MILITARY_CARDS_18_DESCRIPTION"/>
      <Row TraitType="TRAIT_MORE_MILITARY_CARDS_19" Name="LOC_TRAIT_MORE_MILITARY_CARDS_19_NAME" Description="LOC_TRAIT_MORE_MILITARY_CARDS_19_DESCRIPTION"/>
      <Row TraitType="TRAIT_MORE_MILITARY_CARDS_20" Name="LOC_TRAIT_MORE_MILITARY_CARDS_20_NAME" Description="LOC_TRAIT_MORE_MILITARY_CARDS_20_DESCRIPTION"/>
      <Row TraitType="TRAIT_MORE_ECONOMIC_CARDS_1" Name="LOC_TRAIT_MORE_ECONOMIC_CARDS_1_NAME" Description="LOC_TRAIT_MORE_ECONOMIC_CARDS_1_DESCRIPTION"/>
      <Row TraitType="TRAIT_MORE_ECONOMIC_CARDS_2" Name="LOC_TRAIT_MORE_ECONOMIC_CARDS_2_NAME" Description="LOC_TRAIT_MORE_ECONOMIC_CARDS_2_DESCRIPTION"/>
      <Row TraitType="TRAIT_MORE_ECONOMIC_CARDS_3" Name="LOC_TRAIT_MORE_ECONOMIC_CARDS_3_NAME" Description="LOC_TRAIT_MORE_ECONOMIC_CARDS_3_DESCRIPTION"/>
      <Row TraitType="TRAIT_MORE_ECONOMIC_CARDS_4" Name="LOC_TRAIT_MORE_ECONOMIC_CARDS_4_NAME" Description="LOC_TRAIT_MORE_ECONOMIC_CARDS_4_DESCRIPTION"/>
      <Row TraitType="TRAIT_MORE_ECONOMIC_CARDS_5" Name="LOC_TRAIT_MORE_ECONOMIC_CARDS_5_NAME" Description="LOC_TRAIT_MORE_ECONOMIC_CARDS_5_DESCRIPTION"/>
      <Row TraitType="TRAIT_MORE_ECONOMIC_CARDS_6" Name="LOC_TRAIT_MORE_ECONOMIC_CARDS_6_NAME" Description="LOC_TRAIT_MORE_ECONOMIC_CARDS_6_DESCRIPTION"/>
      <Row TraitType="TRAIT_MORE_ECONOMIC_CARDS_7" Name="LOC_TRAIT_MORE_ECONOMIC_CARDS_7_NAME" Description="LOC_TRAIT_MORE_ECONOMIC_CARDS_7_DESCRIPTION"/>
      <Row TraitType="TRAIT_MORE_ECONOMIC_CARDS_8" Name="LOC_TRAIT_MORE_ECONOMIC_CARDS_8_NAME" Description="LOC_TRAIT_MORE_ECONOMIC_CARDS_8_DESCRIPTION"/>
      <Row TraitType="TRAIT_MORE_ECONOMIC_CARDS_9" Name="LOC_TRAIT_MORE_ECONOMIC_CARDS_9_NAME" Description="LOC_TRAIT_MORE_ECONOMIC_CARDS_9_DESCRIPTION"/>
      <Row TraitType="TRAIT_MORE_ECONOMIC_CARDS_10" Name="LOC_TRAIT_MORE_ECONOMIC_CARDS_10_NAME" Description="LOC_TRAIT_MORE_ECONOMIC_CARDS_10_DESCRIPTION"/>
      <Row TraitType="TRAIT_MORE_ECONOMIC_CARDS_11" Name="LOC_TRAIT_MORE_ECONOMIC_CARDS_11_NAME" Description="LOC_TRAIT_MORE_ECONOMIC_CARDS_11_DESCRIPTION"/>
      <Row TraitType="TRAIT_MORE_ECONOMIC_CARDS_12" Name="LOC_TRAIT_MORE_ECONOMIC_CARDS_12_NAME" Description="LOC_TRAIT_MORE_ECONOMIC_CARDS_12_DESCRIPTION"/>
      <Row TraitType="TRAIT_MORE_ECONOMIC_CARDS_13" Name="LOC_TRAIT_MORE_ECONOMIC_CARDS_13_NAME" Description="LOC_TRAIT_MORE_ECONOMIC_CARDS_13_DESCRIPTION"/>
      <Row TraitType="TRAIT_MORE_ECONOMIC_CARDS_14" Name="LOC_TRAIT_MORE_ECONOMIC_CARDS_14_NAME" Description="LOC_TRAIT_MORE_ECONOMIC_CARDS_14_DESCRIPTION"/>
      <Row TraitType="TRAIT_MORE_ECONOMIC_CARDS_15" Name="LOC_TRAIT_MORE_ECONOMIC_CARDS_15_NAME" Description="LOC_TRAIT_MORE_ECONOMIC_CARDS_15_DESCRIPTION"/>
      <Row TraitType="TRAIT_MORE_ECONOMIC_CARDS_16" Name="LOC_TRAIT_MORE_ECONOMIC_CARDS_16_NAME" Description="LOC_TRAIT_MORE_ECONOMIC_CARDS_16_DESCRIPTION"/>
      <Row TraitType="TRAIT_MORE_ECONOMIC_CARDS_17" Name="LOC_TRAIT_MORE_ECONOMIC_CARDS_17_NAME" Description="LOC_TRAIT_MORE_ECONOMIC_CARDS_17_DESCRIPTION"/>
      <Row TraitType="TRAIT_MORE_ECONOMIC_CARDS_18" Name="LOC_TRAIT_MORE_ECONOMIC_CARDS_18_NAME" Description="LOC_TRAIT_MORE_ECONOMIC_CARDS_18_DESCRIPTION"/>
      <Row TraitType="TRAIT_MORE_ECONOMIC_CARDS_19" Name="LOC_TRAIT_MORE_ECONOMIC_CARDS_19_NAME" Description="LOC_TRAIT_MORE_ECONOMIC_CARDS_19_DESCRIPTION"/>
      <Row TraitType="TRAIT_MORE_ECONOMIC_CARDS_20" Name="LOC_TRAIT_MORE_ECONOMIC_CARDS_20_NAME" Description="LOC_TRAIT_MORE_ECONOMIC_CARDS_20_DESCRIPTION"/>
      <Row TraitType="TRAIT_MORE_DIPLOMATIC_CARDS_1" Name="LOC_TRAIT_MORE_DIPLOMATIC_CARDS_1_NAME" Description="LOC_TRAIT_MORE_DIPLOMATIC_CARDS_1_DESCRIPTION"/>
      <Row TraitType="TRAIT_MORE_DIPLOMATIC_CARDS_2" Name="LOC_TRAIT_MORE_DIPLOMATIC_CARDS_2_NAME" Description="LOC_TRAIT_MORE_DIPLOMATIC_CARDS_2_DESCRIPTION"/>
      <Row TraitType="TRAIT_MORE_DIPLOMATIC_CARDS_3" Name="LOC_TRAIT_MORE_DIPLOMATIC_CARDS_3_NAME" Description="LOC_TRAIT_MORE_DIPLOMATIC_CARDS_3_DESCRIPTION"/>
      <Row TraitType="TRAIT_MORE_DIPLOMATIC_CARDS_4" Name="LOC_TRAIT_MORE_DIPLOMATIC_CARDS_4_NAME" Description="LOC_TRAIT_MORE_DIPLOMATIC_CARDS_4_DESCRIPTION"/>
      <Row TraitType="TRAIT_MORE_DIPLOMATIC_CARDS_5" Name="LOC_TRAIT_MORE_DIPLOMATIC_CARDS_5_NAME" Description="LOC_TRAIT_MORE_DIPLOMATIC_CARDS_5_DESCRIPTION"/>
      <Row TraitType="TRAIT_MORE_DIPLOMATIC_CARDS_6" Name="LOC_TRAIT_MORE_DIPLOMATIC_CARDS_6_NAME" Description="LOC_TRAIT_MORE_DIPLOMATIC_CARDS_6_DESCRIPTION"/>
      <Row TraitType="TRAIT_MORE_DIPLOMATIC_CARDS_7" Name="LOC_TRAIT_MORE_DIPLOMATIC_CARDS_7_NAME" Description="LOC_TRAIT_MORE_DIPLOMATIC_CARDS_7_DESCRIPTION"/>
      <Row TraitType="TRAIT_MORE_DIPLOMATIC_CARDS_8" Name="LOC_TRAIT_MORE_DIPLOMATIC_CARDS_8_NAME" Description="LOC_TRAIT_MORE_DIPLOMATIC_CARDS_8_DESCRIPTION"/>
      <Row TraitType="TRAIT_MORE_DIPLOMATIC_CARDS_9" Name="LOC_TRAIT_MORE_DIPLOMATIC_CARDS_9_NAME" Description="LOC_TRAIT_MORE_DIPLOMATIC_CARDS_9_DESCRIPTION"/>
      <Row TraitType="TRAIT_MORE_DIPLOMATIC_CARDS_10" Name="LOC_TRAIT_MORE_DIPLOMATIC_CARDS_10_NAME" Description="LOC_TRAIT_MORE_DIPLOMATIC_CARDS_10_DESCRIPTION"/>
      <Row TraitType="TRAIT_MORE_DIPLOMATIC_CARDS_11" Name="LOC_TRAIT_MORE_DIPLOMATIC_CARDS_11_NAME" Description="LOC_TRAIT_MORE_DIPLOMATIC_CARDS_11_DESCRIPTION"/>
      <Row TraitType="TRAIT_MORE_DIPLOMATIC_CARDS_12" Name="LOC_TRAIT_MORE_DIPLOMATIC_CARDS_12_NAME" Description="LOC_TRAIT_MORE_DIPLOMATIC_CARDS_12_DESCRIPTION"/>
      <Row TraitType="TRAIT_MORE_DIPLOMATIC_CARDS_13" Name="LOC_TRAIT_MORE_DIPLOMATIC_CARDS_13_NAME" Description="LOC_TRAIT_MORE_DIPLOMATIC_CARDS_13_DESCRIPTION"/>
      <Row TraitType="TRAIT_MORE_DIPLOMATIC_CARDS_14" Name="LOC_TRAIT_MORE_DIPLOMATIC_CARDS_14_NAME" Description="LOC_TRAIT_MORE_DIPLOMATIC_CARDS_14_DESCRIPTION"/>
      <Row TraitType="TRAIT_MORE_DIPLOMATIC_CARDS_15" Name="LOC_TRAIT_MORE_DIPLOMATIC_CARDS_15_NAME" Description="LOC_TRAIT_MORE_DIPLOMATIC_CARDS_15_DESCRIPTION"/>
      <Row TraitType="TRAIT_MORE_DIPLOMATIC_CARDS_16" Name="LOC_TRAIT_MORE_DIPLOMATIC_CARDS_16_NAME" Description="LOC_TRAIT_MORE_DIPLOMATIC_CARDS_16_DESCRIPTION"/>
      <Row TraitType="TRAIT_MORE_DIPLOMATIC_CARDS_17" Name="LOC_TRAIT_MORE_DIPLOMATIC_CARDS_17_NAME" Description="LOC_TRAIT_MORE_DIPLOMATIC_CARDS_17_DESCRIPTION"/>
      <Row TraitType="TRAIT_MORE_DIPLOMATIC_CARDS_18" Name="LOC_TRAIT_MORE_DIPLOMATIC_CARDS_18_NAME" Description="LOC_TRAIT_MORE_DIPLOMATIC_CARDS_18_DESCRIPTION"/>
      <Row TraitType="TRAIT_MORE_DIPLOMATIC_CARDS_19" Name="LOC_TRAIT_MORE_DIPLOMATIC_CARDS_19_NAME" Description="LOC_TRAIT_MORE_DIPLOMATIC_CARDS_19_DESCRIPTION"/>
      <Row TraitType="TRAIT_MORE_DIPLOMATIC_CARDS_20" Name="LOC_TRAIT_MORE_DIPLOMATIC_CARDS_20_NAME" Description="LOC_TRAIT_MORE_DIPLOMATIC_CARDS_20_DESCRIPTION"/>
      <Row TraitType="TRAIT_MORE_WILDCARD_CARDS_1" Name="LOC_TRAIT_MORE_WILDCARD_CARDS_1_NAME" Description="LOC_TRAIT_MORE_WILDCARD_CARDS_1_DESCRIPTION"/>
      <Row TraitType="TRAIT_MORE_WILDCARD_CARDS_2" Name="LOC_TRAIT_MORE_WILDCARD_CARDS_2_NAME" Description="LOC_TRAIT_MORE_WILDCARD_CARDS_2_DESCRIPTION"/>
      <Row TraitType="TRAIT_MORE_WILDCARD_CARDS_3" Name="LOC_TRAIT_MORE_WILDCARD_CARDS_3_NAME" Description="LOC_TRAIT_MORE_WILDCARD_CARDS_3_DESCRIPTION"/>
      <Row TraitType="TRAIT_MORE_WILDCARD_CARDS_4" Name="LOC_TRAIT_MORE_WILDCARD_CARDS_4_NAME" Description="LOC_TRAIT_MORE_WILDCARD_CARDS_4_DESCRIPTION"/>
      <Row TraitType="TRAIT_MORE_WILDCARD_CARDS_5" Name="LOC_TRAIT_MORE_WILDCARD_CARDS_5_NAME" Description="LOC_TRAIT_MORE_WILDCARD_CARDS_5_DESCRIPTION"/>
      <Row TraitType="TRAIT_MORE_WILDCARD_CARDS_6" Name="LOC_TRAIT_MORE_WILDCARD_CARDS_6_NAME" Description="LOC_TRAIT_MORE_WILDCARD_CARDS_6_DESCRIPTION"/>
      <Row TraitType="TRAIT_MORE_WILDCARD_CARDS_7" Name="LOC_TRAIT_MORE_WILDCARD_CARDS_7_NAME" Description="LOC_TRAIT_MORE_WILDCARD_CARDS_7_DESCRIPTION"/>
      <Row TraitType="TRAIT_MORE_WILDCARD_CARDS_8" Name="LOC_TRAIT_MORE_WILDCARD_CARDS_8_NAME" Description="LOC_TRAIT_MORE_WILDCARD_CARDS_8_DESCRIPTION"/>
      <Row TraitType="TRAIT_MORE_WILDCARD_CARDS_9" Name="LOC_TRAIT_MORE_WILDCARD_CARDS_9_NAME" Description="LOC_TRAIT_MORE_WILDCARD_CARDS_9_DESCRIPTION"/>
      <Row TraitType="TRAIT_MORE_WILDCARD_CARDS_10" Name="LOC_TRAIT_MORE_WILDCARD_CARDS_10_NAME" Description="LOC_TRAIT_MORE_WILDCARD_CARDS_10_DESCRIPTION"/>
      <Row TraitType="TRAIT_MORE_WILDCARD_CARDS_11" Name="LOC_TRAIT_MORE_WILDCARD_CARDS_11_NAME" Description="LOC_TRAIT_MORE_WILDCARD_CARDS_11_DESCRIPTION"/>
      <Row TraitType="TRAIT_MORE_WILDCARD_CARDS_12" Name="LOC_TRAIT_MORE_WILDCARD_CARDS_12_NAME" Description="LOC_TRAIT_MORE_WILDCARD_CARDS_12_DESCRIPTION"/>
      <Row TraitType="TRAIT_MORE_WILDCARD_CARDS_13" Name="LOC_TRAIT_MORE_WILDCARD_CARDS_13_NAME" Description="LOC_TRAIT_MORE_WILDCARD_CARDS_13_DESCRIPTION"/>
      <Row TraitType="TRAIT_MORE_WILDCARD_CARDS_14" Name="LOC_TRAIT_MORE_WILDCARD_CARDS_14_NAME" Description="LOC_TRAIT_MORE_WILDCARD_CARDS_14_DESCRIPTION"/>
      <Row TraitType="TRAIT_MORE_WILDCARD_CARDS_15" Name="LOC_TRAIT_MORE_WILDCARD_CARDS_15_NAME" Description="LOC_TRAIT_MORE_WILDCARD_CARDS_15_DESCRIPTION"/>
      <Row TraitType="TRAIT_MORE_WILDCARD_CARDS_16" Name="LOC_TRAIT_MORE_WILDCARD_CARDS_16_NAME" Description="LOC_TRAIT_MORE_WILDCARD_CARDS_16_DESCRIPTION"/>
      <Row TraitType="TRAIT_MORE_WILDCARD_CARDS_17" Name="LOC_TRAIT_MORE_WILDCARD_CARDS_17_NAME" Description="LOC_TRAIT_MORE_WILDCARD_CARDS_17_DESCRIPTION"/>
      <Row TraitType="TRAIT_MORE_WILDCARD_CARDS_18" Name="LOC_TRAIT_MORE_WILDCARD_CARDS_18_NAME" Description="LOC_TRAIT_MORE_WILDCARD_CARDS_18_DESCRIPTION"/>
      <Row TraitType="TRAIT_MORE_WILDCARD_CARDS_19" Name="LOC_TRAIT_MORE_WILDCARD_CARDS_19_NAME" Description="LOC_TRAIT_MORE_WILDCARD_CARDS_19_DESCRIPTION"/>
      <Row TraitType="TRAIT_MORE_WILDCARD_CARDS_20" Name="LOC_TRAIT_MORE_WILDCARD_CARDS_20_NAME" Description="LOC_TRAIT_MORE_WILDCARD_CARDS_20_DESCRIPTION"/>
      <Row TraitType="TRAIT_MORE_WILDCARD_CARDS_21" Name="LOC_TRAIT_MORE_WILDCARD_CARDS_21_NAME" Description="LOC_TRAIT_MORE_WILDCARD_CARDS_21_DESCRIPTION"/>
      <Row TraitType="TRAIT_MORE_WILDCARD_CARDS_22" Name="LOC_TRAIT_MORE_WILDCARD_CARDS_22_NAME" Description="LOC_TRAIT_MORE_WILDCARD_CARDS_22_DESCRIPTION"/>
      <Row TraitType="TRAIT_MORE_WILDCARD_CARDS_23" Name="LOC_TRAIT_MORE_WILDCARD_CARDS_23_NAME" Description="LOC_TRAIT_MORE_WILDCARD_CARDS_23_DESCRIPTION"/>
      <Row TraitType="TRAIT_MORE_WILDCARD_CARDS_24" Name="LOC_TRAIT_MORE_WILDCARD_CARDS_24_NAME" Description="LOC_TRAIT_MORE_WILDCARD_CARDS_24_DESCRIPTION"/>
      <Row TraitType="TRAIT_MORE_WILDCARD_CARDS_25" Name="LOC_TRAIT_MORE_WILDCARD_CARDS_25_NAME" Description="LOC_TRAIT_MORE_WILDCARD_CARDS_25_DESCRIPTION"/>
      <Row TraitType="TRAIT_MORE_WILDCARD_CARDS_26" Name="LOC_TRAIT_MORE_WILDCARD_CARDS_26_NAME" Description="LOC_TRAIT_MORE_WILDCARD_CARDS_26_DESCRIPTION"/>
      <Row TraitType="TRAIT_MORE_WILDCARD_CARDS_27" Name="LOC_TRAIT_MORE_WILDCARD_CARDS_27_NAME" Description="LOC_TRAIT_MORE_WILDCARD_CARDS_27_DESCRIPTION"/>
      <Row TraitType="TRAIT_MORE_WILDCARD_CARDS_28" Name="LOC_TRAIT_MORE_WILDCARD_CARDS_28_NAME" Description="LOC_TRAIT_MORE_WILDCARD_CARDS_28_DESCRIPTION"/>
      <Row TraitType="TRAIT_MORE_WILDCARD_CARDS_29" Name="LOC_TRAIT_MORE_WILDCARD_CARDS_29_NAME" Description="LOC_TRAIT_MORE_WILDCARD_CARDS_29_DESCRIPTION"/>
      <Row TraitType="TRAIT_MORE_WILDCARD_CARDS_30" Name="LOC_TRAIT_MORE_WILDCARD_CARDS_30_NAME" Description="LOC_TRAIT_MORE_WILDCARD_CARDS_30_DESCRIPTION"/>
      <Row TraitType="TRAIT_MORE_WILDCARD_CARDS_31" Name="LOC_TRAIT_MORE_WILDCARD_CARDS_31_NAME" Description="LOC_TRAIT_MORE_WILDCARD_CARDS_31_DESCRIPTION"/>
      <Row TraitType="TRAIT_MORE_WILDCARD_CARDS_32" Name="LOC_TRAIT_MORE_WILDCARD_CARDS_32_NAME" Description="LOC_TRAIT_MORE_WILDCARD_CARDS_32_DESCRIPTION"/>
      <Row TraitType="TRAIT_MORE_WILDCARD_CARDS_33" Name="LOC_TRAIT_MORE_WILDCARD_CARDS_33_NAME" Description="LOC_TRAIT_MORE_WILDCARD_CARDS_33_DESCRIPTION"/>
      <Row TraitType="TRAIT_MORE_WILDCARD_CARDS_34" Name="LOC_TRAIT_MORE_WILDCARD_CARDS_34_NAME" Description="LOC_TRAIT_MORE_WILDCARD_CARDS_34_DESCRIPTION"/>
      <Row TraitType="TRAIT_MORE_WILDCARD_CARDS_35" Name="LOC_TRAIT_MORE_WILDCARD_CARDS_35_NAME" Description="LOC_TRAIT_MORE_WILDCARD_CARDS_35_DESCRIPTION"/>
      <Row TraitType="TRAIT_MORE_WILDCARD_CARDS_36" Name="LOC_TRAIT_MORE_WILDCARD_CARDS_36_NAME" Description="LOC_TRAIT_MORE_WILDCARD_CARDS_36_DESCRIPTION"/>
      <Row TraitType="TRAIT_MORE_WILDCARD_CARDS_37" Name="LOC_TRAIT_MORE_WILDCARD_CARDS_37_NAME" Description="LOC_TRAIT_MORE_WILDCARD_CARDS_37_DESCRIPTION"/>
      <Row TraitType="TRAIT_MORE_WILDCARD_CARDS_38" Name="LOC_TRAIT_MORE_WILDCARD_CARDS_38_NAME" Description="LOC_TRAIT_MORE_WILDCARD_CARDS_38_DESCRIPTION"/>
      <Row TraitType="TRAIT_MORE_WILDCARD_CARDS_39" Name="LOC_TRAIT_MORE_WILDCARD_CARDS_39_NAME" Description="LOC_TRAIT_MORE_WILDCARD_CARDS_39_DESCRIPTION"/>
      <Row TraitType="TRAIT_MORE_WILDCARD_CARDS_40" Name="LOC_TRAIT_MORE_WILDCARD_CARDS_40_NAME" Description="LOC_TRAIT_MORE_WILDCARD_CARDS_40_DESCRIPTION"/>
	</Traits>
	
	<TraitModifiers>
        <Row>
	    <TraitType>TRAIT_MORE_MILITARY_CARDS_1</TraitType>
	    <ModifierId>TRAIT_MILITARY_GOVERNMENT_SLOT</ModifierId>
        </Row>
        <Row>
	    <TraitType>TRAIT_MORE_MILITARY_CARDS_2</TraitType>
	    <ModifierId>TRAIT_MILITARY_GOVERNMENT_SLOT</ModifierId>
        </Row>
        <Row>
	    <TraitType>TRAIT_MORE_MILITARY_CARDS_3</TraitType>
	    <ModifierId>TRAIT_MILITARY_GOVERNMENT_SLOT</ModifierId>
        </Row>
        <Row>
	    <TraitType>TRAIT_MORE_MILITARY_CARDS_4</TraitType>
	    <ModifierId>TRAIT_MILITARY_GOVERNMENT_SLOT</ModifierId>
        </Row>
        <Row>
	    <TraitType>TRAIT_MORE_MILITARY_CARDS_5</TraitType>
	    <ModifierId>TRAIT_MILITARY_GOVERNMENT_SLOT</ModifierId>
        </Row>
        <Row>
	    <TraitType>TRAIT_MORE_MILITARY_CARDS_6</TraitType>
	    <ModifierId>TRAIT_MILITARY_GOVERNMENT_SLOT</ModifierId>
        </Row>
        <Row>
	    <TraitType>TRAIT_MORE_MILITARY_CARDS_7</TraitType>
	    <ModifierId>TRAIT_MILITARY_GOVERNMENT_SLOT</ModifierId>
        </Row>
        <Row>
	    <TraitType>TRAIT_MORE_MILITARY_CARDS_8</TraitType>
	    <ModifierId>TRAIT_MILITARY_GOVERNMENT_SLOT</ModifierId>
        </Row>
        <Row>
	    <TraitType>TRAIT_MORE_MILITARY_CARDS_9</TraitType>
	    <ModifierId>TRAIT_MILITARY_GOVERNMENT_SLOT</ModifierId>
        </Row>
        <Row>
	    <TraitType>TRAIT_MORE_MILITARY_CARDS_10</TraitType>
	    <ModifierId>TRAIT_MILITARY_GOVERNMENT_SLOT</ModifierId>
        </Row>
        <Row>
	    <TraitType>TRAIT_MORE_MILITARY_CARDS_11</TraitType>
	    <ModifierId>TRAIT_MILITARY_GOVERNMENT_SLOT</ModifierId>
        </Row>
        <Row>
	    <TraitType>TRAIT_MORE_MILITARY_CARDS_12</TraitType>
	    <ModifierId>TRAIT_MILITARY_GOVERNMENT_SLOT</ModifierId>
        </Row>
        <Row>
	    <TraitType>TRAIT_MORE_MILITARY_CARDS_13</TraitType>
	    <ModifierId>TRAIT_MILITARY_GOVERNMENT_SLOT</ModifierId>
        </Row>
        <Row>
	    <TraitType>TRAIT_MORE_MILITARY_CARDS_14</TraitType>
	    <ModifierId>TRAIT_MILITARY_GOVERNMENT_SLOT</ModifierId>
        </Row>
        <Row>
	    <TraitType>TRAIT_MORE_MILITARY_CARDS_15</TraitType>
	    <ModifierId>TRAIT_MILITARY_GOVERNMENT_SLOT</ModifierId>
        </Row>
        <Row>
	    <TraitType>TRAIT_MORE_MILITARY_CARDS_16</TraitType>
	    <ModifierId>TRAIT_MILITARY_GOVERNMENT_SLOT</ModifierId>
        </Row>
        <Row>
	    <TraitType>TRAIT_MORE_MILITARY_CARDS_17</TraitType>
	    <ModifierId>TRAIT_MILITARY_GOVERNMENT_SLOT</ModifierId>
        </Row>
        <Row>
	    <TraitType>TRAIT_MORE_MILITARY_CARDS_18</TraitType>
	    <ModifierId>TRAIT_MILITARY_GOVERNMENT_SLOT</ModifierId>
        </Row>
        <Row>
	    <TraitType>TRAIT_MORE_MILITARY_CARDS_19</TraitType>
	    <ModifierId>TRAIT_MILITARY_GOVERNMENT_SLOT</ModifierId>
        </Row>
        <Row>
	    <TraitType>TRAIT_MORE_MILITARY_CARDS_20</TraitType>
	    <ModifierId>TRAIT_MILITARY_GOVERNMENT_SLOT</ModifierId>
        </Row>
        <Row>
	    <TraitType>TRAIT_MORE_ECONOMIC_CARDS_1</TraitType>
	    <ModifierId>BIG_BEN_ECONOMIC_GOVERNMENT_SLOT</ModifierId>
        </Row>
        <Row>
	    <TraitType>TRAIT_MORE_ECONOMIC_CARDS_2</TraitType>
	    <ModifierId>BIG_BEN_ECONOMIC_GOVERNMENT_SLOT</ModifierId>
        </Row>
        <Row>
	    <TraitType>TRAIT_MORE_ECONOMIC_CARDS_3</TraitType>
	    <ModifierId>BIG_BEN_ECONOMIC_GOVERNMENT_SLOT</ModifierId>
        </Row>
        <Row>
	    <TraitType>TRAIT_MORE_ECONOMIC_CARDS_4</TraitType>
	    <ModifierId>BIG_BEN_ECONOMIC_GOVERNMENT_SLOT</ModifierId>
        </Row>
        <Row>
	    <TraitType>TRAIT_MORE_ECONOMIC_CARDS_5</TraitType>
	    <ModifierId>BIG_BEN_ECONOMIC_GOVERNMENT_SLOT</ModifierId>
        </Row>
        <Row>
	    <TraitType>TRAIT_MORE_ECONOMIC_CARDS_6</TraitType>
	    <ModifierId>BIG_BEN_ECONOMIC_GOVERNMENT_SLOT</ModifierId>
        </Row>
        <Row>
	    <TraitType>TRAIT_MORE_ECONOMIC_CARDS_7</TraitType>
	    <ModifierId>BIG_BEN_ECONOMIC_GOVERNMENT_SLOT</ModifierId>
        </Row>
        <Row>
	    <TraitType>TRAIT_MORE_ECONOMIC_CARDS_8</TraitType>
	    <ModifierId>BIG_BEN_ECONOMIC_GOVERNMENT_SLOT</ModifierId>
        </Row>
        <Row>
	    <TraitType>TRAIT_MORE_ECONOMIC_CARDS_9</TraitType>
	    <ModifierId>BIG_BEN_ECONOMIC_GOVERNMENT_SLOT</ModifierId>
        </Row>
        <Row>
	    <TraitType>TRAIT_MORE_ECONOMIC_CARDS_10</TraitType>
	    <ModifierId>BIG_BEN_ECONOMIC_GOVERNMENT_SLOT</ModifierId>
        </Row>
        <Row>
	    <TraitType>TRAIT_MORE_ECONOMIC_CARDS_11</TraitType>
	    <ModifierId>BIG_BEN_ECONOMIC_GOVERNMENT_SLOT</ModifierId>
        </Row>
        <Row>
	    <TraitType>TRAIT_MORE_ECONOMIC_CARDS_12</TraitType>
	    <ModifierId>BIG_BEN_ECONOMIC_GOVERNMENT_SLOT</ModifierId>
        </Row>
        <Row>
	    <TraitType>TRAIT_MORE_ECONOMIC_CARDS_13</TraitType>
	    <ModifierId>BIG_BEN_ECONOMIC_GOVERNMENT_SLOT</ModifierId>
        </Row>
        <Row>
	    <TraitType>TRAIT_MORE_ECONOMIC_CARDS_14</TraitType>
	    <ModifierId>BIG_BEN_ECONOMIC_GOVERNMENT_SLOT</ModifierId>
        </Row>
        <Row>
	    <TraitType>TRAIT_MORE_ECONOMIC_CARDS_15</TraitType>
	    <ModifierId>BIG_BEN_ECONOMIC_GOVERNMENT_SLOT</ModifierId>
        </Row>
        <Row>
	    <TraitType>TRAIT_MORE_ECONOMIC_CARDS_16</TraitType>
	    <ModifierId>BIG_BEN_ECONOMIC_GOVERNMENT_SLOT</ModifierId>
        </Row>
        <Row>
	    <TraitType>TRAIT_MORE_ECONOMIC_CARDS_17</TraitType>
	    <ModifierId>BIG_BEN_ECONOMIC_GOVERNMENT_SLOT</ModifierId>
        </Row>
        <Row>
	    <TraitType>TRAIT_MORE_ECONOMIC_CARDS_18</TraitType>
	    <ModifierId>BIG_BEN_ECONOMIC_GOVERNMENT_SLOT</ModifierId>
        </Row>
        <Row>
	    <TraitType>TRAIT_MORE_ECONOMIC_CARDS_19</TraitType>
	    <ModifierId>BIG_BEN_ECONOMIC_GOVERNMENT_SLOT</ModifierId>
        </Row>
        <Row>
	    <TraitType>TRAIT_MORE_ECONOMIC_CARDS_20</TraitType>
	    <ModifierId>BIG_BEN_ECONOMIC_GOVERNMENT_SLOT</ModifierId>
        </Row>
        <Row>
	    <TraitType>TRAIT_MORE_DIPLOMATIC_CARDS_1</TraitType>
	    <ModifierId>POTALA_PALACE_DIPLOMATIC_GOVERNMENT_SLOT</ModifierId>
        </Row>
        <Row>
	    <TraitType>TRAIT_MORE_DIPLOMATIC_CARDS_2</TraitType>
	    <ModifierId>POTALA_PALACE_DIPLOMATIC_GOVERNMENT_SLOT</ModifierId>
        </Row>
        <Row>
	    <TraitType>TRAIT_MORE_DIPLOMATIC_CARDS_3</TraitType>
	    <ModifierId>POTALA_PALACE_DIPLOMATIC_GOVERNMENT_SLOT</ModifierId>
        </Row>
        <Row>
	    <TraitType>TRAIT_MORE_DIPLOMATIC_CARDS_4</TraitType>
	    <ModifierId>POTALA_PALACE_DIPLOMATIC_GOVERNMENT_SLOT</ModifierId>
        </Row>
        <Row>
	    <TraitType>TRAIT_MORE_DIPLOMATIC_CARDS_5</TraitType>
	    <ModifierId>POTALA_PALACE_DIPLOMATIC_GOVERNMENT_SLOT</ModifierId>
        </Row>
        <Row>
	    <TraitType>TRAIT_MORE_DIPLOMATIC_CARDS_6</TraitType>
	    <ModifierId>POTALA_PALACE_DIPLOMATIC_GOVERNMENT_SLOT</ModifierId>
        </Row>
        <Row>
	    <TraitType>TRAIT_MORE_DIPLOMATIC_CARDS_7</TraitType>
	    <ModifierId>POTALA_PALACE_DIPLOMATIC_GOVERNMENT_SLOT</ModifierId>
        </Row>
        <Row>
	    <TraitType>TRAIT_MORE_DIPLOMATIC_CARDS_8</TraitType>
	    <ModifierId>POTALA_PALACE_DIPLOMATIC_GOVERNMENT_SLOT</ModifierId>
        </Row>
        <Row>
	    <TraitType>TRAIT_MORE_DIPLOMATIC_CARDS_9</TraitType>
	    <ModifierId>POTALA_PALACE_DIPLOMATIC_GOVERNMENT_SLOT</ModifierId>
        </Row>
        <Row>
	    <TraitType>TRAIT_MORE_DIPLOMATIC_CARDS_10</TraitType>
	    <ModifierId>POTALA_PALACE_DIPLOMATIC_GOVERNMENT_SLOT</ModifierId>
        </Row>
        <Row>
	    <TraitType>TRAIT_MORE_DIPLOMATIC_CARDS_11</TraitType>
	    <ModifierId>POTALA_PALACE_DIPLOMATIC_GOVERNMENT_SLOT</ModifierId>
        </Row>
        <Row>
	    <TraitType>TRAIT_MORE_DIPLOMATIC_CARDS_12</TraitType>
	    <ModifierId>POTALA_PALACE_DIPLOMATIC_GOVERNMENT_SLOT</ModifierId>
        </Row>
        <Row>
	    <TraitType>TRAIT_MORE_DIPLOMATIC_CARDS_13</TraitType>
	    <ModifierId>POTALA_PALACE_DIPLOMATIC_GOVERNMENT_SLOT</ModifierId>
        </Row>
        <Row>
	    <TraitType>TRAIT_MORE_DIPLOMATIC_CARDS_14</TraitType>
	    <ModifierId>POTALA_PALACE_DIPLOMATIC_GOVERNMENT_SLOT</ModifierId>
        </Row>
        <Row>
	    <TraitType>TRAIT_MORE_DIPLOMATIC_CARDS_15</TraitType>
	    <ModifierId>POTALA_PALACE_DIPLOMATIC_GOVERNMENT_SLOT</ModifierId>
        </Row>
        <Row>
	    <TraitType>TRAIT_MORE_DIPLOMATIC_CARDS_16</TraitType>
	    <ModifierId>POTALA_PALACE_DIPLOMATIC_GOVERNMENT_SLOT</ModifierId>
        </Row>
        <Row>
	    <TraitType>TRAIT_MORE_DIPLOMATIC_CARDS_17</TraitType>
	    <ModifierId>POTALA_PALACE_DIPLOMATIC_GOVERNMENT_SLOT</ModifierId>
        </Row>
        <Row>
	    <TraitType>TRAIT_MORE_DIPLOMATIC_CARDS_18</TraitType>
	    <ModifierId>POTALA_PALACE_DIPLOMATIC_GOVERNMENT_SLOT</ModifierId>
        </Row>
        <Row>
	    <TraitType>TRAIT_MORE_DIPLOMATIC_CARDS_19</TraitType>
	    <ModifierId>POTALA_PALACE_DIPLOMATIC_GOVERNMENT_SLOT</ModifierId>
        </Row>
        <Row>
	    <TraitType>TRAIT_MORE_DIPLOMATIC_CARDS_20</TraitType>
	    <ModifierId>POTALA_PALACE_DIPLOMATIC_GOVERNMENT_SLOT</ModifierId>
        </Row>
        <Row>
	    <TraitType>TRAIT_MORE_WILDCARD_CARDS_1</TraitType>
	    <ModifierId>TRAIT_WILDCARD_GOVERNMENT_SLOT</ModifierId>
        </Row>
        <Row>
	    <TraitType>TRAIT_MORE_WILDCARD_CARDS_2</TraitType>
	    <ModifierId>TRAIT_WILDCARD_GOVERNMENT_SLOT</ModifierId>
        </Row>
        <Row>
	    <TraitType>TRAIT_MORE_WILDCARD_CARDS_3</TraitType>
	    <ModifierId>TRAIT_WILDCARD_GOVERNMENT_SLOT</ModifierId>
        </Row>
        <Row>
	    <TraitType>TRAIT_MORE_WILDCARD_CARDS_4</TraitType>
	    <ModifierId>TRAIT_WILDCARD_GOVERNMENT_SLOT</ModifierId>
        </Row>
        <Row>
	    <TraitType>TRAIT_MORE_WILDCARD_CARDS_5</TraitType>
	    <ModifierId>TRAIT_WILDCARD_GOVERNMENT_SLOT</ModifierId>
        </Row>
        <Row>
	    <TraitType>TRAIT_MORE_WILDCARD_CARDS_6</TraitType>
	    <ModifierId>TRAIT_WILDCARD_GOVERNMENT_SLOT</ModifierId>
        </Row>
        <Row>
	    <TraitType>TRAIT_MORE_WILDCARD_CARDS_7</TraitType>
	    <ModifierId>TRAIT_WILDCARD_GOVERNMENT_SLOT</ModifierId>
        </Row>
        <Row>
	    <TraitType>TRAIT_MORE_WILDCARD_CARDS_8</TraitType>
	    <ModifierId>TRAIT_WILDCARD_GOVERNMENT_SLOT</ModifierId>
        </Row>
        <Row>
	    <TraitType>TRAIT_MORE_WILDCARD_CARDS_9</TraitType>
	    <ModifierId>TRAIT_WILDCARD_GOVERNMENT_SLOT</ModifierId>
        </Row>
        <Row>
	    <TraitType>TRAIT_MORE_WILDCARD_CARDS_10</TraitType>
	    <ModifierId>TRAIT_WILDCARD_GOVERNMENT_SLOT</ModifierId>
        </Row>
        <Row>
	    <TraitType>TRAIT_MORE_WILDCARD_CARDS_11</TraitType>
	    <ModifierId>TRAIT_WILDCARD_GOVERNMENT_SLOT</ModifierId>
        </Row>
        <Row>
	    <TraitType>TRAIT_MORE_WILDCARD_CARDS_12</TraitType>
	    <ModifierId>TRAIT_WILDCARD_GOVERNMENT_SLOT</ModifierId>
        </Row>
        <Row>
	    <TraitType>TRAIT_MORE_WILDCARD_CARDS_13</TraitType>
	    <ModifierId>TRAIT_WILDCARD_GOVERNMENT_SLOT</ModifierId>
        </Row>
        <Row>
	    <TraitType>TRAIT_MORE_WILDCARD_CARDS_14</TraitType>
	    <ModifierId>TRAIT_WILDCARD_GOVERNMENT_SLOT</ModifierId>
        </Row>
        <Row>
	    <TraitType>TRAIT_MORE_WILDCARD_CARDS_15</TraitType>
	    <ModifierId>TRAIT_WILDCARD_GOVERNMENT_SLOT</ModifierId>
        </Row>
        <Row>
	    <TraitType>TRAIT_MORE_WILDCARD_CARDS_16</TraitType>
	    <ModifierId>TRAIT_WILDCARD_GOVERNMENT_SLOT</ModifierId>
        </Row>
        <Row>
	    <TraitType>TRAIT_MORE_WILDCARD_CARDS_17</TraitType>
	    <ModifierId>TRAIT_WILDCARD_GOVERNMENT_SLOT</ModifierId>
        </Row>
        <Row>
	    <TraitType>TRAIT_MORE_WILDCARD_CARDS_18</TraitType>
	    <ModifierId>TRAIT_WILDCARD_GOVERNMENT_SLOT</ModifierId>
        </Row>
        <Row>
	    <TraitType>TRAIT_MORE_WILDCARD_CARDS_19</TraitType>
	    <ModifierId>TRAIT_WILDCARD_GOVERNMENT_SLOT</ModifierId>
        </Row>
        <Row>
	    <TraitType>TRAIT_MORE_WILDCARD_CARDS_20</TraitType>
	    <ModifierId>TRAIT_WILDCARD_GOVERNMENT_SLOT</ModifierId>
        </Row>
        <Row>
	    <TraitType>TRAIT_MORE_WILDCARD_CARDS_21</TraitType>
	    <ModifierId>TRAIT_WILDCARD_GOVERNMENT_SLOT</ModifierId>
        </Row>
        <Row>
	    <TraitType>TRAIT_MORE_WILDCARD_CARDS_22</TraitType>
	    <ModifierId>TRAIT_WILDCARD_GOVERNMENT_SLOT</ModifierId>
        </Row>
        <Row>
	    <TraitType>TRAIT_MORE_WILDCARD_CARDS_23</TraitType>
	    <ModifierId>TRAIT_WILDCARD_GOVERNMENT_SLOT</ModifierId>
        </Row>
        <Row>
	    <TraitType>TRAIT_MORE_WILDCARD_CARDS_24</TraitType>
	    <ModifierId>TRAIT_WILDCARD_GOVERNMENT_SLOT</ModifierId>
        </Row>
        <Row>
	    <TraitType>TRAIT_MORE_WILDCARD_CARDS_25</TraitType>
	    <ModifierId>TRAIT_WILDCARD_GOVERNMENT_SLOT</ModifierId>
        </Row>
        <Row>
	    <TraitType>TRAIT_MORE_WILDCARD_CARDS_26</TraitType>
	    <ModifierId>TRAIT_WILDCARD_GOVERNMENT_SLOT</ModifierId>
        </Row>
        <Row>
	    <TraitType>TRAIT_MORE_WILDCARD_CARDS_27</TraitType>
	    <ModifierId>TRAIT_WILDCARD_GOVERNMENT_SLOT</ModifierId>
        </Row>
        <Row>
	    <TraitType>TRAIT_MORE_WILDCARD_CARDS_28</TraitType>
	    <ModifierId>TRAIT_WILDCARD_GOVERNMENT_SLOT</ModifierId>
        </Row>
        <Row>
	    <TraitType>TRAIT_MORE_WILDCARD_CARDS_29</TraitType>
	    <ModifierId>TRAIT_WILDCARD_GOVERNMENT_SLOT</ModifierId>
        </Row>
        <Row>
	    <TraitType>TRAIT_MORE_WILDCARD_CARDS_30</TraitType>
	    <ModifierId>TRAIT_WILDCARD_GOVERNMENT_SLOT</ModifierId>
        </Row>
        <Row>
	    <TraitType>TRAIT_MORE_WILDCARD_CARDS_31</TraitType>
	    <ModifierId>TRAIT_WILDCARD_GOVERNMENT_SLOT</ModifierId>
        </Row>
        <Row>
	    <TraitType>TRAIT_MORE_WILDCARD_CARDS_32</TraitType>
	    <ModifierId>TRAIT_WILDCARD_GOVERNMENT_SLOT</ModifierId>
        </Row>
        <Row>
	    <TraitType>TRAIT_MORE_WILDCARD_CARDS_33</TraitType>
	    <ModifierId>TRAIT_WILDCARD_GOVERNMENT_SLOT</ModifierId>
        </Row>
        <Row>
	    <TraitType>TRAIT_MORE_WILDCARD_CARDS_34</TraitType>
	    <ModifierId>TRAIT_WILDCARD_GOVERNMENT_SLOT</ModifierId>
        </Row>
        <Row>
	    <TraitType>TRAIT_MORE_WILDCARD_CARDS_35</TraitType>
	    <ModifierId>TRAIT_WILDCARD_GOVERNMENT_SLOT</ModifierId>
        </Row>
        <Row>
	    <TraitType>TRAIT_MORE_WILDCARD_CARDS_36</TraitType>
	    <ModifierId>TRAIT_WILDCARD_GOVERNMENT_SLOT</ModifierId>
        </Row>
        <Row>
	    <TraitType>TRAIT_MORE_WILDCARD_CARDS_37</TraitType>
	    <ModifierId>TRAIT_WILDCARD_GOVERNMENT_SLOT</ModifierId>
        </Row>
        <Row>
	    <TraitType>TRAIT_MORE_WILDCARD_CARDS_38</TraitType>
	    <ModifierId>TRAIT_WILDCARD_GOVERNMENT_SLOT</ModifierId>
        </Row>
        <Row>
	    <TraitType>TRAIT_MORE_WILDCARD_CARDS_39</TraitType>
	    <ModifierId>TRAIT_WILDCARD_GOVERNMENT_SLOT</ModifierId>
        </Row>
        <Row>
	    <TraitType>TRAIT_MORE_WILDCARD_CARDS_40</TraitType>
	    <ModifierId>TRAIT_WILDCARD_GOVERNMENT_SLOT</ModifierId>
        </Row>
	</TraitModifiers>
	
	<GlobalParameters>
		<Update>
			<Set Value="true"/>
			<Where Name="GOVERNMENT_ALLOW_EMPTY_POLICY_SLOTS"/>
		</Update>
	</GlobalParameters>
</GameData>